Frequency,Amplitude
 1.1085 kHz, 0.88803 V
 1.1133 kHz, 0.88752 V
 1.1231 kHz, 0.88366 V
 1.1328 kHz, 0.88383 V
 1.1328 kHz, 0.88400 V
 1.1523 kHz, 0.87997 V
 1.1523 kHz, 0.87997 V
 1.1716 kHz, 0.87610 V
 1.1719 kHz, 0.87593 V
 1.1772 kHz, 0.87593 V
 1.1914 kHz, 0.87207 V
 1.1914 kHz, 0.87207 V
 1.2109 kHz, 0.86787 V
 1.2109 kHz, 0.86787 V
 1.2202 kHz, 0.86552 V
 1.2305 kHz, 0.86401 V
 1.2305 kHz, 0.86418 V
 1.2500 kHz, 0.85998 V
 1.2500 kHz, 0.85998 V
 1.2695 kHz, 0.85561 V
 1.2695 kHz, 0.85578 V
 1.2813 kHz, 0.85209 V
 1.2891 kHz, 0.85192 V
 1.2891 kHz, 0.85175 V
 1.3086 kHz, 0.84789 V
 1.3086 kHz, 0.84755 V
 1.3278 kHz, 0.84386 V
 1.3281 kHz, 0.84369 V
 1.3361 kHz, 0.83933 V
 1.3477 kHz, 0.83933 V
 1.3477 kHz, 0.83983 V
 1.3672 kHz, 0.83580 V
 1.3672 kHz, 0.83580 V
 1.3828 kHz, 0.83160 V
 1.3867 kHz, 0.83160 V
 1.3867 kHz, 0.83160 V
 1.4062 kHz, 0.82740 V
 1.4063 kHz, 0.82774 V
 1.4258 kHz, 0.82354 V
 1.4258 kHz, 0.82337 V
 1.4378 kHz, 0.81968 V
 1.4453 kHz, 0.81951 V
 1.4456 kHz, 0.81951 V
 1.4649 kHz, 0.81565 V
 1.4648 kHz, 0.81514 V
 1.4844 kHz, 0.81145 V
 1.4844 kHz, 0.81145 V
 1.4955 kHz, 0.80742 V
 1.5039 kHz, 0.80775 V
 1.5039 kHz, 0.80742 V
 1.5234 kHz, 0.80339 V
 1.5234 kHz, 0.80356 V
 1.5430 kHz, 0.79919 V
 1.5430 kHz, 0.79936 V
 1.5495 kHz, 0.79751 V
 1.5625 kHz, 0.79533 V
 1.5625 kHz, 0.79550 V
 1.5820 kHz, 0.79163 V
 1.5820 kHz, 0.79146 V
 1.6016 kHz, 0.78777 V
 1.6016 kHz, 0.78760 V
 1.6128 kHz, 0.78374 V
 1.6211 kHz, 0.78324 V
 1.6211 kHz, 0.78374 V
 1.6406 kHz, 0.77971 V
 1.6406 kHz, 0.77921 V
 1.6601 kHz, 0.77568 V
 1.6602 kHz, 0.77551 V
 1.6716 kHz, 0.77165 V
 1.6797 kHz, 0.77198 V
 1.6797 kHz, 0.77182 V
 1.6992 kHz, 0.76795 V
 1.6992 kHz, 0.76779 V
 1.7188 kHz, 0.76392 V
 1.7187 kHz, 0.76376 V
 1.7312 kHz, 0.76006 V
 1.7383 kHz, 0.76006 V
 1.7405 kHz, 0.76023 V
 1.7578 kHz, 0.75637 V
 1.7578 kHz, 0.75620 V
 1.7773 kHz, 0.75250 V
 1.7773 kHz, 0.75234 V
 1.7841 kHz, 0.75200 V
 1.7969 kHz, 0.74864 V
 1.7969 kHz, 0.74864 V
 1.8164 kHz, 0.74478 V
 1.8164 kHz, 0.74478 V
 1.8322 kHz, 0.74109 V
 1.8359 kHz, 0.74092 V
 1.8393 kHz, 0.74075 V
 1.8555 kHz, 0.73756 V
 1.8555 kHz, 0.73722 V
 1.8750 kHz, 0.73353 V
 1.8750 kHz, 0.73353 V
 1.8911 kHz, 0.72950 V
 1.8945 kHz, 0.72967 V
 1.8998 kHz, 0.72967 V
 1.9141 kHz, 0.72597 V
 1.9141 kHz, 0.72580 V
 1.9336 kHz, 0.72244 V
 1.9336 kHz, 0.72228 V
 1.9496 kHz, 0.71875 V
 1.9531 kHz, 0.71858 V
 1.9720 kHz, 0.71472 V
 1.9727 kHz, 0.71506 V
 1.9884 kHz, 0.71136 V
 1.9922 kHz, 0.71136 V
 1.9948 kHz, 0.71136 V
 2.0117 kHz, 0.70750 V
 2.0117 kHz, 0.70767 V
 2.0313 kHz, 0.70380 V
 2.0312 kHz, 0.70431 V
 2.0390 kHz, 0.70397 V
 2.0508 kHz, 0.70028 V
 2.0508 kHz, 0.70061 V
 2.0703 kHz, 0.69709 V
 2.0703 kHz, 0.69675 V
 2.0870 kHz, 0.69322 V
 2.0898 kHz, 0.69356 V
 2.0942 kHz, 0.69356 V
 2.1094 kHz, 0.68970 V
 2.1094 kHz, 0.68987 V
 2.1289 kHz, 0.68651 V
 2.1289 kHz, 0.68634 V
 2.1400 kHz, 0.68264 V
 2.1484 kHz, 0.68315 V
 2.1484 kHz, 0.68298 V
 2.1680 kHz, 0.67962 V
 2.1680 kHz, 0.67929 V
 2.1875 kHz, 0.67626 V
 2.1875 kHz, 0.67610 V
 2.1958 kHz, 0.67290 V
 2.2070 kHz, 0.67240 V
 2.2070 kHz, 0.67257 V
 2.2266 kHz, 0.66921 V
 2.2266 kHz, 0.66938 V
 2.2455 kHz, 0.66585 V
 2.2461 kHz, 0.66585 V
 2.2555 kHz, 0.66249 V
 2.2656 kHz, 0.66266 V
 2.2656 kHz, 0.66249 V
 2.2852 kHz, 0.65913 V
 2.2852 kHz, 0.65913 V
 2.3028 kHz, 0.65611 V
 2.3047 kHz, 0.65594 V
 2.3108 kHz, 0.65443 V
 2.3242 kHz, 0.65258 V
 2.3242 kHz, 0.65292 V
 2.3438 kHz, 0.64956 V
 2.3437 kHz, 0.64956 V
 2.3633 kHz, 0.64620 V
 2.3633 kHz, 0.64604 V
 2.3720 kHz, 0.64318 V
 2.3828 kHz, 0.64268 V
 2.3828 kHz, 0.64318 V
 2.4023 kHz, 0.63982 V
 2.4023 kHz, 0.63965 V
 2.4169 kHz, 0.63680 V
 2.4219 kHz, 0.63680 V
 2.4253 kHz, 0.63663 V
 2.4414 kHz, 0.63344 V
 2.4414 kHz, 0.63344 V
 2.4609 kHz, 0.63025 V
 2.4610 kHz, 0.63025 V
 2.4787 kHz, 0.62723 V
 2.4805 kHz, 0.62723 V
 2.4853 kHz, 0.62689 V
 2.5000 kHz, 0.62404 V
 2.5000 kHz, 0.62370 V
 2.5195 kHz, 0.62085 V
 2.5195 kHz, 0.62085 V
 2.5300 kHz, 0.61799 V
 2.5391 kHz, 0.61816 V
 2.5391 kHz, 0.61782 V
 2.5586 kHz, 0.61480 V
 2.5586 kHz, 0.61480 V
 2.5753 kHz, 0.61195 V
 2.5781 kHz, 0.61195 V
 2.5817 kHz, 0.61178 V
 2.5977 kHz, 0.60926 V
 2.5977 kHz, 0.60875 V
 2.6172 kHz, 0.60607 V
 2.6172 kHz, 0.60590 V
 2.6284 kHz, 0.60288 V
 2.6367 kHz, 0.60304 V
 2.6374 kHz, 0.60304 V
 2.6562 kHz, 0.60019 V
 2.6563 kHz, 0.60002 V
 2.6758 kHz, 0.59734 V
 2.6758 kHz, 0.59734 V
 2.6899 kHz, 0.59431 V
 2.6953 kHz, 0.59414 V
 2.6987 kHz, 0.59398 V
 2.7148 kHz, 0.59146 V
 2.7148 kHz, 0.59129 V
 2.7344 kHz, 0.58860 V
 2.7344 kHz, 0.58860 V
 2.7453 kHz, 0.58575 V
 2.7539 kHz, 0.58592 V
 2.7539 kHz, 0.58592 V
 2.7735 kHz, 0.58323 V
 2.7734 kHz, 0.58289 V
 2.7930 kHz, 0.58021 V
 2.7930 kHz, 0.58004 V
 2.8025 kHz, 0.57735 V
 2.8125 kHz, 0.57735 V
 2.8125 kHz, 0.57735 V
 2.8320 kHz, 0.57450 V
 2.8320 kHz, 0.57466 V
 2.8516 kHz, 0.57215 V
 2.8516 kHz, 0.57215 V
 2.8609 kHz, 0.56946 V
 2.8711 kHz, 0.56929 V
 2.8711 kHz, 0.56929 V
 2.8906 kHz, 0.56694 V
 2.8906 kHz, 0.56677 V
 2.9087 kHz, 0.56375 V
 2.9101 kHz, 0.56408 V
 2.9184 kHz, 0.56123 V
 2.9297 kHz, 0.56157 V
 2.9297 kHz, 0.56157 V
 2.9492 kHz, 0.55888 V
 2.9492 kHz, 0.55871 V
 2.9685 kHz, 0.55602 V
 2.9687 kHz, 0.55636 V
 2.9766 kHz, 0.55350 V
 2.9883 kHz, 0.55350 V
 2.9883 kHz, 0.55384 V
 3.0078 kHz, 0.55115 V
 3.0078 kHz, 0.55099 V
 3.0242 kHz, 0.54880 V
 3.0273 kHz, 0.54847 V
 3.0309 kHz, 0.54830 V
 3.0468 kHz, 0.54595 V
 3.0469 kHz, 0.54612 V
 3.0664 kHz, 0.54326 V
 3.0664 kHz, 0.54360 V
 3.0833 kHz, 0.54091 V
 3.0859 kHz, 0.54125 V
 3.0934 kHz, 0.53973 V
 3.1055 kHz, 0.53822 V
 3.1055 kHz, 0.53856 V
 3.1250 kHz, 0.53621 V
 3.1250 kHz, 0.53621 V
 3.1445 kHz, 0.53386 V
 3.1445 kHz, 0.53369 V
 3.1641 kHz, 0.53134 V
 3.1641 kHz, 0.53117 V
 3.1836 kHz, 0.52882 V
 3.1836 kHz, 0.52899 V
 3.2027 kHz, 0.52664 V
 3.2031 kHz, 0.52630 V
 3.2115 kHz, 0.52664 V
 3.2227 kHz, 0.52412 V
 3.2226 kHz, 0.52428 V
 3.2422 kHz, 0.52193 V
 3.2422 kHz, 0.52193 V
 3.2594 kHz, 0.51941 V
 3.2617 kHz, 0.51958 V
 3.2689 kHz, 0.51958 V
 3.2812 kHz, 0.51706 V
 3.2813 kHz, 0.51723 V
 3.3008 kHz, 0.51522 V
 3.3008 kHz, 0.51505 V
 3.3203 kHz, 0.51270 V
 3.3203 kHz, 0.51253 V
 3.3388 kHz, 0.51035 V
 3.3398 kHz, 0.51051 V
 3.3486 kHz, 0.50783 V
 3.3594 kHz, 0.50800 V
 3.3594 kHz, 0.50816 V
 3.3789 kHz, 0.50598 V
 3.3789 kHz, 0.50598 V
 3.3982 kHz, 0.50380 V
 3.3984 kHz, 0.50346 V
 3.4054 kHz, 0.50145 V
 3.4180 kHz, 0.50145 V
 3.4180 kHz, 0.50145 V
 3.4375 kHz, 499.43 mV
 3.4375 kHz, 499.43 mV
 3.4505 kHz, 497.25 mV
 3.4570 kHz, 496.91 mV
 3.4574 kHz, 497.25 mV
 3.4765 kHz, 495.23 mV
 3.4766 kHz, 495.06 mV
 3.4961 kHz, 492.88 mV
 3.4961 kHz, 493.05 mV
 3.5077 kHz, 490.87 mV
 3.5156 kHz, 490.87 mV
 3.5156 kHz, 490.87 mV
 3.5352 kHz, 488.68 mV
 3.5352 kHz, 488.68 mV
 3.5547 kHz, 486.84 mV
 3.5547 kHz, 486.67 mV
 3.5647 kHz, 484.48 mV
 3.5742 kHz, 484.65 mV
 3.5742 kHz, 484.65 mV
 3.5938 kHz, 482.64 mV
 3.5937 kHz, 482.64 mV
 3.6103 kHz, 480.62 mV
 3.6133 kHz, 480.62 mV
 3.6200 kHz, 478.61 mV
 3.6328 kHz, 478.44 mV
 3.6329 kHz, 478.44 mV
 3.6524 kHz, 476.59 mV
 3.6523 kHz, 476.26 mV
 3.6719 kHz, 474.58 mV
 3.6719 kHz, 474.41 mV
 3.6819 kHz, 472.73 mV
 3.6914 kHz, 472.56 mV
 3.6914 kHz, 472.39 mV
 3.7109 kHz, 470.71 mV
 3.7109 kHz, 470.71 mV
 3.7305 kHz, 468.70 mV
 3.7305 kHz, 468.53 mV
 3.7406 kHz, 466.35 mV
 3.7500 kHz, 466.68 mV
 3.7500 kHz, 466.35 mV
 3.7695 kHz, 464.67 mV
 3.7695 kHz, 464.84 mV
 3.7867 kHz, 462.99 mV
 3.7891 kHz, 462.32 mV
 3.7952 kHz, 462.82 mV
 3.8086 kHz, 461.14 mV
 3.8086 kHz, 460.81 mV
 3.8281 kHz, 459.13 mV
 3.8281 kHz, 459.13 mV
 3.8453 kHz, 457.45 mV
 3.8477 kHz, 457.11 mV
 3.8513 kHz, 457.28 mV
 3.8672 kHz, 455.43 mV
 3.8672 kHz, 455.43 mV
 3.8867 kHz, 453.75 mV
 3.8867 kHz, 453.59 mV
 3.8981 kHz, 451.57 mV
 3.9063 kHz, 451.74 mV
 3.9063 kHz, 451.57 mV
 3.9258 kHz, 449.89 mV
 3.9258 kHz, 450.06 mV
 3.9453 kHz, 448.38 mV
 3.9453 kHz, 448.21 mV
 3.9557 kHz, 446.53 mV
 3.9648 kHz, 446.20 mV
 3.9648 kHz, 446.36 mV
 3.9844 kHz, 444.68 mV
 3.9844 kHz, 444.68 mV
 4.0025 kHz, 442.84 mV
 4.0039 kHz, 442.84 mV
 4.0099 kHz, 442.84 mV
 4.0234 kHz, 441.16 mV
 4.0234 kHz, 441.33 mV
 4.0430 kHz, 439.48 mV
 4.0429 kHz, 439.31 mV
 4.0551 kHz, 437.46 mV
 4.0625 kHz, 437.80 mV
 4.0660 kHz, 437.63 mV
 4.0820 kHz, 435.78 mV
 4.0820 kHz, 435.95 mV
 4.1015 kHz, 434.27 mV
 4.1016 kHz, 433.94 mV
 4.1149 kHz, 432.59 mV
 4.1211 kHz, 432.59 mV
 4.1217 kHz, 432.26 mV
 4.1406 kHz, 430.75 mV
 4.1406 kHz, 430.75 mV
 4.1602 kHz, 429.07 mV
 4.1601 kHz, 429.07 mV
 4.1701 kHz, 427.72 mV
 4.1797 kHz, 427.39 mV
 4.1797 kHz, 427.39 mV
 4.1992 kHz, 425.88 mV
 4.1992 kHz, 425.88 mV
 4.2188 kHz, 424.20 mV
 4.2188 kHz, 424.03 mV
 4.2302 kHz, 422.52 mV
 4.2383 kHz, 422.69 mV
 4.2383 kHz, 422.52 mV
 4.2578 kHz, 420.84 mV
 4.2578 kHz, 421.17 mV
 4.2767 kHz, 419.16 mV
 4.2773 kHz, 419.33 mV
 4.2855 kHz, 417.98 mV
 4.2968 kHz, 417.82 mV
 4.2969 kHz, 417.82 mV
 4.3164 kHz, 416.30 mV
 4.3164 kHz, 416.14 mV
 4.3342 kHz, 414.46 mV
 4.3359 kHz, 414.62 mV
 4.3431 kHz, 413.95 mV
 4.3554 kHz, 412.95 mV
 4.3555 kHz, 412.95 mV
 4.3750 kHz, 411.77 mV
 4.3750 kHz, 411.60 mV
 4.3931 kHz, 409.92 mV
 4.3945 kHz, 409.92 mV
 4.4001 kHz, 409.75 mV
 4.4140 kHz, 408.41 mV
 4.4141 kHz, 408.58 mV
 4.4336 kHz, 406.90 mV
 4.4336 kHz, 407.07 mV
 4.4476 kHz, 405.39 mV
 4.4531 kHz, 405.56 mV
 4.4603 kHz, 404.72 mV
 4.4727 kHz, 404.05 mV
 4.4726 kHz, 403.71 mV
 4.4921 kHz, 402.53 mV
 4.4922 kHz, 402.37 mV
 4.5069 kHz, 401.02 mV
 4.5117 kHz, 400.85 mV
 4.5148 kHz, 401.02 mV
 4.5312 kHz, 399.51 mV
 4.5313 kHz, 399.68 mV
 4.5508 kHz, 398.17 mV
 4.5508 kHz, 398.17 mV
 4.5643 kHz, 396.49 mV
 4.5703 kHz, 396.66 mV
 4.5741 kHz, 396.66 mV
 4.5899 kHz, 395.14 mV
 4.5898 kHz, 394.98 mV
 4.6094 kHz, 393.80 mV
 4.6094 kHz, 393.97 mV
 4.6289 kHz, 392.29 mV
 4.6288 kHz, 392.46 mV
 4.6370 kHz, 390.78 mV
 4.6484 kHz, 391.11 mV
 4.6484 kHz, 390.78 mV
 4.6680 kHz, 389.27 mV
 4.6680 kHz, 389.77 mV
 4.6855 kHz, 388.09 mV
 4.6875 kHz, 387.59 mV
 4.6948 kHz, 387.76 mV
 4.7070 kHz, 386.75 mV
 4.7070 kHz, 386.92 mV
 4.7266 kHz, 385.40 mV
 4.7266 kHz, 385.40 mV
 4.7431 kHz, 384.06 mV
 4.7461 kHz, 384.06 mV
 4.7520 kHz, 384.06 mV
 4.7656 kHz, 382.89 mV
 4.7656 kHz, 382.72 mV
 4.7852 kHz, 381.37 mV
 4.7852 kHz, 381.37 mV
 4.8047 kHz, 380.03 mV
 4.8047 kHz, 380.03 mV
 4.8150 kHz, 378.52 mV
 4.8242 kHz, 378.52 mV
 4.8242 kHz, 378.69 mV
 4.8437 kHz, 377.51 mV
 4.8437 kHz, 377.51 mV
 4.8599 kHz, 376.17 mV
 4.8633 kHz, 376.00 mV
 4.8697 kHz, 375.50 mV
 4.8828 kHz, 374.99 mV
 4.8828 kHz, 374.82 mV
 4.9024 kHz, 373.48 mV
 4.9026 kHz, 373.15 mV
 4.9219 kHz, 372.31 mV
 4.9219 kHz, 372.14 mV
 4.9414 kHz, 370.79 mV
 4.9414 kHz, 370.79 mV
 4.9535 kHz, 369.28 mV
 4.9609 kHz, 369.79 mV
 4.9658 kHz, 368.95 mV
 4.9804 kHz, 368.44 mV
 4.9805 kHz, 368.28 mV
 5.0000 kHz, 367.10 mV
 5.0000 kHz, 367.27 mV
 5.0000 kHz, 367.10 mV
 5.0192 kHz, 365.59 mV
 5.0192 kHz, 365.76 mV
 5.0387 kHz, 364.75 mV
 5.0387 kHz, 364.41 mV
 5.0538 kHz, 363.24 mV
 5.0583 kHz, 363.41 mV
 5.0630 kHz, 363.41 mV
 5.0778 kHz, 362.23 mV
 5.0778 kHz, 362.23 mV
 5.0973 kHz, 360.89 mV
 5.0974 kHz, 361.05 mV
 5.1169 kHz, 359.88 mV
 5.1169 kHz, 359.71 mV
 5.1297 kHz, 358.70 mV
 5.1364 kHz, 358.70 mV
 5.1371 kHz, 358.54 mV
 5.1559 kHz, 357.36 mV
 5.1559 kHz, 357.53 mV
 5.1755 kHz, 356.35 mV
 5.1755 kHz, 356.35 mV
 5.1848 kHz, 355.01 mV
 5.1950 kHz, 354.84 mV
 5.1963 kHz, 355.01 mV
 5.2146 kHz, 353.83 mV
 5.2145 kHz, 353.83 mV
 5.2341 kHz, 352.83 mV
 5.2341 kHz, 352.66 mV
 5.2435 kHz, 351.48 mV
 5.2536 kHz, 351.48 mV
 5.2536 kHz, 351.65 mV
 5.2731 kHz, 350.64 mV
 5.2731 kHz, 350.47 mV
 5.2925 kHz, 349.30 mV
 5.2927 kHz, 348.96 mV
 5.3005 kHz, 347.96 mV
 5.3122 kHz, 348.29 mV
 5.3122 kHz, 348.12 mV
 5.3317 kHz, 346.95 mV
 5.3317 kHz, 347.12 mV
 5.3513 kHz, 345.60 mV
 5.3513 kHz, 345.77 mV
 5.3627 kHz, 344.76 mV
 5.3709 kHz, 344.60 mV
 5.3732 kHz, 344.60 mV
 5.3903 kHz, 343.59 mV
 5.3903 kHz, 343.59 mV
 5.4099 kHz, 342.75 mV
 5.4098 kHz, 342.58 mV
 5.4263 kHz, 341.57 mV
 5.4294 kHz, 341.57 mV
 5.4466 kHz, 340.40 mV
 5.4489 kHz, 340.23 mV
 5.4564 kHz, 339.22 mV
 5.4685 kHz, 339.22 mV
 5.4685 kHz, 339.22 mV
 5.4880 kHz, 338.22 mV
 5.4880 kHz, 338.38 mV
 5.5052 kHz, 337.04 mV
 5.5076 kHz, 337.38 mV
 5.5120 kHz, 336.87 mV
 5.5270 kHz, 336.20 mV
 5.5270 kHz, 336.20 mV
 5.5466 kHz, 335.02 mV
 5.5466 kHz, 334.86 mV
 5.5604 kHz, 333.85 mV
 5.5661 kHz, 334.19 mV
 5.5681 kHz, 333.85 mV
 5.5857 kHz, 333.01 mV
 5.5856 kHz, 332.84 mV
 5.6052 kHz, 331.67 mV
 5.6051 kHz, 331.83 mV
 5.6177 kHz, 330.83 mV
 5.6246 kHz, 330.49 mV
 5.6288 kHz, 330.83 mV
 5.6442 kHz, 329.65 mV
 5.6442 kHz, 329.48 mV
 5.6637 kHz, 328.64 mV
 5.6637 kHz, 328.81 mV
 5.6786 kHz, 327.80 mV
 5.6832 kHz, 327.80 mV
 5.6860 kHz, 327.64 mV
 5.7028 kHz, 326.80 mV
 5.7028 kHz, 326.80 mV
 5.7224 kHz, 325.96 mV
 5.7223 kHz, 325.62 mV
 5.7365 kHz, 324.78 mV
 5.7419 kHz, 324.45 mV
 5.7460 kHz, 324.78 mV
 5.7614 kHz, 323.61 mV
 5.7614 kHz, 323.77 mV
 5.7809 kHz, 322.93 mV
 5.7809 kHz, 322.93 mV
 5.7937 kHz, 321.93 mV
 5.8004 kHz, 321.93 mV
 5.8031 kHz, 321.59 mV
 5.8200 kHz, 321.09 mV
 5.8201 kHz, 320.92 mV
 5.8396 kHz, 320.08 mV
 5.8396 kHz, 319.74 mV
 5.8567 kHz, 318.90 mV
 5.8591 kHz, 318.74 mV
 5.8668 kHz, 318.40 mV
 5.8786 kHz, 317.73 mV
 5.8786 kHz, 317.90 mV
 5.8982 kHz, 317.22 mV
 5.8981 kHz, 317.22 mV
 5.9160 kHz, 316.05 mV
 5.9177 kHz, 316.22 mV
 5.9230 kHz, 315.88 mV
 5.9372 kHz, 315.04 mV
 5.9372 kHz, 315.38 mV
 5.9567 kHz, 314.03 mV
 5.9567 kHz, 314.20 mV
 5.9721 kHz, 313.36 mV
 5.9763 kHz, 313.19 mV
 5.9771 kHz, 313.19 mV
 5.9958 kHz, 312.35 mV
 5.9958 kHz, 312.52 mV
 6.0153 kHz, 311.68 mV
 6.0153 kHz, 311.35 mV
 6.0236 kHz, 311.01 mV
 6.0349 kHz, 310.51 mV
 6.0349 kHz, 310.51 mV
 6.0544 kHz, 309.50 mV
 6.0543 kHz, 309.67 mV
 6.0739 kHz, 308.83 mV
 6.0739 kHz, 308.66 mV
 6.0811 kHz, 308.16 mV
 6.0935 kHz, 307.82 mV
 6.0934 kHz, 307.82 mV
 6.1130 kHz, 306.64 mV
 6.1129 kHz, 306.81 mV
 6.1294 kHz, 306.14 mV
 6.1325 kHz, 306.14 mV
 6.1461 kHz, 305.13 mV
 6.1520 kHz, 304.96 mV
 6.1575 kHz, 304.80 mV
 6.1715 kHz, 304.29 mV
 6.1716 kHz, 304.29 mV
 6.1911 kHz, 303.45 mV
 6.1911 kHz, 303.45 mV
 6.2088 kHz, 302.61 mV
 6.2106 kHz, 302.61 mV
 6.2176 kHz, 301.77 mV
 6.2301 kHz, 301.44 mV
 6.2302 kHz, 301.61 mV
 6.2497 kHz, 300.77 mV
 6.2497 kHz, 300.77 mV
 6.2692 kHz, 300.09 mV
 6.2692 kHz, 299.93 mV
 6.2773 kHz, 299.76 mV
 6.2888 kHz, 298.92 mV
 6.2888 kHz, 299.26 mV
 6.3083 kHz, 298.25 mV
 6.3083 kHz, 298.25 mV
 6.3266 kHz, 297.24 mV
 6.3278 kHz, 297.24 mV
 6.3377 kHz, 297.07 mV
 6.3474 kHz, 296.57 mV
 6.3520 kHz, 296.23 mV
 6.3669 kHz, 295.73 mV
 6.3669 kHz, 295.73 mV
 6.3864 kHz, 295.06 mV
 6.3864 kHz, 294.89 mV
 6.4013 kHz, 294.22 mV
 6.4059 kHz, 293.88 mV
 6.4114 kHz, 294.05 mV
 6.4255 kHz, 293.38 mV
 6.4255 kHz, 293.04 mV
 6.4450 kHz, 292.54 mV
 6.4451 kHz, 292.54 mV
 6.4646 kHz, 291.70 mV
 6.4645 kHz, 291.70 mV
 6.4730 kHz, 291.19 mV
 6.4840 kHz, 290.86 mV
 6.4840 kHz, 290.86 mV
 6.5036 kHz, 289.85 mV
 6.5036 kHz, 290.02 mV
 6.5206 kHz, 289.18 mV
 6.5231 kHz, 289.35 mV
 6.5322 kHz, 288.51 mV
 6.5427 kHz, 288.51 mV
 6.5426 kHz, 288.34 mV
 6.5622 kHz, 287.67 mV
 6.5622 kHz, 287.67 mV
 6.5817 kHz, 287.00 mV
 6.5817 kHz, 286.66 mV
 6.5959 kHz, 286.32 mV
 6.6013 kHz, 286.16 mV
 6.6017 kHz, 285.82 mV
 6.6208 kHz, 285.32 mV
 6.6208 kHz, 285.32 mV
 6.6403 kHz, 284.65 mV
 6.6404 kHz, 284.48 mV
 6.6599 kHz, 283.81 mV
 6.6599 kHz, 283.81 mV
 6.6794 kHz, 282.97 mV
 6.6794 kHz, 282.97 mV
 6.6968 kHz, 282.46 mV
 6.6989 kHz, 282.13 mV
 6.7043 kHz, 282.13 mV
 6.7184 kHz, 281.62 mV
 6.7184 kHz, 281.79 mV
 6.7380 kHz, 280.78 mV
 6.7380 kHz, 280.28 mV
 6.7560 kHz, 279.94 mV
 6.7575 kHz, 280.11 mV
 6.7642 kHz, 280.11 mV
 6.7770 kHz, 279.27 mV
 6.7770 kHz, 279.27 mV
 6.7965 kHz, 278.43 mV
 6.7965 kHz, 278.60 mV
 6.8161 kHz, 277.93 mV
 6.8161 kHz, 277.42 mV
 6.8270 kHz, 277.26 mV
 6.8357 kHz, 277.09 mV
 6.8390 kHz, 277.09 mV
 6.8551 kHz, 276.42 mV
 6.8552 kHz, 276.25 mV
 6.8747 kHz, 275.41 mV
 6.8747 kHz, 275.58 mV
 6.8870 kHz, 274.91 mV
 6.8942 kHz, 274.91 mV
 6.8942 kHz, 274.91 mV
 6.9138 kHz, 274.23 mV
 6.9138 kHz, 274.40 mV
 6.9333 kHz, 273.56 mV
 6.9333 kHz, 273.56 mV
 6.9428 kHz, 272.89 mV
 6.9528 kHz, 272.89 mV
 6.9531 kHz, 272.89 mV
 6.9724 kHz, 272.05 mV
 6.9724 kHz, 272.05 mV
 6.9919 kHz, 271.21 mV
 6.9919 kHz, 271.38 mV
 7.0003 kHz, 270.54 mV
 7.0114 kHz, 270.71 mV
 7.0114 kHz, 270.71 mV
 7.0309 kHz, 270.04 mV
 7.0309 kHz, 269.87 mV
 7.0468 kHz, 269.20 mV
 7.0505 kHz, 269.36 mV
 7.0579 kHz, 268.86 mV
 7.0700 kHz, 268.52 mV
 7.0700 kHz, 268.69 mV
 7.0895 kHz, 267.85 mV
 7.0896 kHz, 268.02 mV
 7.1091 kHz, 267.01 mV
 7.1091 kHz, 267.35 mV
 7.1249 kHz, 266.68 mV
 7.1286 kHz, 266.51 mV
 7.1335 kHz, 266.34 mV
 7.1481 kHz, 265.84 mV
 7.1481 kHz, 265.67 mV
 7.1678 kHz, 265.17 mV
 7.1677 kHz, 265.17 mV
 7.1872 kHz, 264.49 mV
 7.1872 kHz, 264.66 mV
 7.1991 kHz, 263.82 mV
 7.2067 kHz, 263.82 mV
 7.2263 kHz, 263.15 mV
 7.2263 kHz, 263.15 mV
 7.2381 kHz, 262.31 mV
 7.2458 kHz, 262.31 mV
 7.2475 kHz, 262.48 mV
 7.2653 kHz, 261.97 mV
 7.2654 kHz, 261.64 mV
 7.2848 kHz, 261.13 mV
 7.2849 kHz, 261.13 mV
 7.3031 kHz, 260.63 mV
 7.3043 kHz, 260.63 mV
 7.3127 kHz, 259.96 mV
 7.3239 kHz, 259.96 mV
 7.3253 kHz, 259.79 mV
 7.3434 kHz, 259.12 mV
 7.3434 kHz, 259.12 mV
 7.3630 kHz, 258.62 mV
 7.3629 kHz, 258.62 mV
 7.3771 kHz, 257.94 mV
 7.3825 kHz, 257.94 mV
 7.3886 kHz, 257.78 mV
 7.4020 kHz, 257.44 mV
 7.4167 kHz, 256.60 mV
 7.4216 kHz, 256.60 mV
 7.4260 kHz, 256.60 mV
 7.4411 kHz, 256.10 mV
 7.4412 kHz, 255.76 mV
 7.4606 kHz, 255.26 mV
 7.4607 kHz, 255.42 mV
 7.4802 kHz, 254.75 mV
 7.4802 kHz, 254.75 mV
 7.4948 kHz, 254.08 mV
 7.4997 kHz, 254.25 mV
 7.5025 kHz, 254.25 mV
 7.5192 kHz, 253.41 mV
 7.5193 kHz, 253.58 mV
 7.5388 kHz, 253.07 mV
 7.5387 kHz, 252.74 mV
 7.5500 kHz, 252.57 mV
 7.5583 kHz, 252.40 mV
 7.5593 kHz, 252.23 mV
 7.5779 kHz, 251.73 mV
 7.5778 kHz, 251.73 mV
 7.5973 kHz, 251.06 mV
 7.5973 kHz, 251.06 mV
 7.6130 kHz, 250.55 mV
 7.6169 kHz, 250.39 mV
 7.6230 kHz, 250.22 mV
 7.6364 kHz, 249.88 mV
 7.6364 kHz, 249.88 mV
 7.6559 kHz, 249.38 mV
 7.6560 kHz, 249.21 mV
 7.6745 kHz, 248.54 mV
 7.6755 kHz, 248.71 mV
 7.6816 kHz, 248.20 mV
 7.6950 kHz, 248.20 mV
 7.6950 kHz, 248.04 mV
 7.7145 kHz, 247.53 mV
 7.7145 kHz, 247.53 mV
 7.7308 kHz, 246.69 mV
 7.7341 kHz, 246.86 mV
 7.7395 kHz, 246.69 mV
 7.7536 kHz, 246.36 mV
 7.7536 kHz, 246.19 mV
 7.7731 kHz, 245.68 mV
 7.7731 kHz, 245.68 mV
 7.7906 kHz, 245.01 mV
 7.7927 kHz, 245.18 mV
 7.8001 kHz, 244.68 mV
 7.8122 kHz, 244.51 mV
 7.8122 kHz, 244.68 mV
 7.8317 kHz, 244.01 mV
 7.8318 kHz, 243.84 mV
 7.8486 kHz, 243.50 mV
 7.8513 kHz, 243.33 mV
 7.8576 kHz, 243.33 mV
 7.8708 kHz, 242.83 mV
 7.8708 kHz, 243.00 mV
 7.8904 kHz, 242.33 mV
 7.8904 kHz, 242.16 mV
 7.9065 kHz, 241.82 mV
 7.9099 kHz, 241.65 mV
 7.9140 kHz, 241.49 mV
 7.9293 kHz, 241.15 mV
 7.9294 kHz, 241.15 mV
 7.9489 kHz, 240.65 mV
 7.9488 kHz, 240.65 mV
 7.9647 kHz, 240.14 mV
 7.9684 kHz, 239.98 mV
 7.9735 kHz, 239.81 mV
 7.9879 kHz, 239.47 mV
 7.9879 kHz, 239.47 mV
 8.0075 kHz, 238.80 mV
 8.0074 kHz, 238.80 mV
 8.0233 kHz, 238.63 mV
 8.0270 kHz, 238.30 mV
 8.0297 kHz, 238.13 mV
 8.0466 kHz, 237.79 mV
 8.0466 kHz, 237.96 mV
 8.0661 kHz, 237.29 mV
 8.0661 kHz, 237.29 mV
 8.0806 kHz, 236.95 mV
 8.0856 kHz, 236.78 mV
 8.0915 kHz, 236.28 mV
 8.1052 kHz, 236.11 mV
 8.1051 kHz, 236.11 mV
 8.1248 kHz, 235.61 mV
 8.1247 kHz, 235.44 mV
 8.1423 kHz, 234.94 mV
 8.1442 kHz, 235.11 mV
 8.1502 kHz, 234.94 mV
 8.1638 kHz, 234.27 mV
 8.1638 kHz, 234.60 mV
 8.1833 kHz, 234.10 mV
 8.1833 kHz, 234.27 mV
 8.1998 kHz, 233.09 mV
 8.2028 kHz, 233.59 mV
 8.2077 kHz, 233.59 mV
 8.2223 kHz, 233.09 mV
 8.2224 kHz, 232.92 mV
 8.2419 kHz, 232.25 mV
 8.2419 kHz, 232.59 mV
 8.2585 kHz, 231.75 mV
 8.2614 kHz, 232.08 mV
 8.2666 kHz, 231.75 mV
 8.2810 kHz, 231.41 mV
 8.2810 kHz, 231.58 mV
 8.3005 kHz, 230.91 mV
 8.3005 kHz, 230.74 mV
 8.3182 kHz, 230.40 mV
 8.3200 kHz, 230.40 mV
 8.3320 kHz, 230.24 mV
 8.3394 kHz, 229.90 mV
 8.3423 kHz, 229.73 mV
 8.3591 kHz, 229.40 mV
 8.3590 kHz, 229.40 mV
 8.3786 kHz, 228.89 mV
 8.3786 kHz, 228.72 mV
 8.3981 kHz, 228.39 mV
 8.3981 kHz, 228.39 mV
 8.4173 kHz, 227.88 mV
 8.4177 kHz, 227.88 mV
 8.4285 kHz, 227.55 mV
 8.4372 kHz, 227.38 mV
 8.4409 kHz, 227.38 mV
 8.4567 kHz, 226.88 mV
 8.4567 kHz, 226.71 mV
 8.4763 kHz, 226.54 mV
 8.4763 kHz, 226.20 mV
 8.4937 kHz, 225.87 mV
 8.4958 kHz, 226.04 mV
 8.5028 kHz, 225.70 mV
 8.5153 kHz, 225.37 mV
 8.5153 kHz, 225.53 mV
 8.5349 kHz, 225.03 mV
 8.5349 kHz, 225.03 mV
 8.5545 kHz, 224.19 mV
 8.5543 kHz, 224.53 mV
 8.5739 kHz, 224.02 mV
 8.5739 kHz, 224.02 mV
 8.5883 kHz, 223.52 mV
 8.5935 kHz, 223.52 mV
 8.6001 kHz, 223.01 mV
 8.6130 kHz, 222.85 mV
 8.6130 kHz, 223.18 mV
 8.6325 kHz, 222.34 mV
 8.6325 kHz, 222.51 mV
 8.6519 kHz, 221.84 mV
 8.6520 kHz, 221.84 mV
 8.6601 kHz, 221.84 mV
 8.6716 kHz, 221.33 mV
 8.6716 kHz, 221.50 mV
 8.6911 kHz, 221.00 mV
 8.6911 kHz, 221.00 mV
 8.7095 kHz, 220.66 mV
 8.7106 kHz, 220.66 mV
 8.7186 kHz, 220.33 mV
 8.7302 kHz, 220.16 mV
 8.7301 kHz, 220.16 mV
 8.7497 kHz, 219.66 mV
 8.7497 kHz, 219.82 mV
 8.7692 kHz, 219.32 mV
 8.7692 kHz, 219.32 mV
 8.7834 kHz, 218.82 mV
 8.7887 kHz, 218.65 mV
 8.7941 kHz, 218.65 mV
 8.8083 kHz, 218.31 mV
 8.8083 kHz, 218.48 mV
 8.8278 kHz, 217.81 mV
 8.8279 kHz, 217.98 mV
 8.8473 kHz, 217.47 mV
 8.8474 kHz, 217.64 mV
 8.8598 kHz, 216.80 mV
 8.8669 kHz, 216.97 mV
 8.8716 kHz, 216.63 mV
 8.8864 kHz, 216.30 mV
 8.8864 kHz, 216.46 mV
 8.9059 kHz, 216.13 mV
 8.9059 kHz, 215.96 mV
 8.9254 kHz, 215.46 mV
 8.9255 kHz, 215.46 mV
 8.9401 kHz, 215.12 mV
 8.9451 kHz, 215.12 mV
 8.9501 kHz, 214.95 mV
 8.9645 kHz, 214.62 mV
 8.9645 kHz, 214.62 mV
 8.9841 kHz, 214.11 mV
 8.9841 kHz, 214.45 mV
 9.0036 kHz, 213.78 mV
 9.0037 kHz, 213.61 mV
 9.0196 kHz, 213.27 mV
 9.0232 kHz, 213.27 mV
 9.0289 kHz, 212.94 mV
 9.0426 kHz, 212.94 mV
 9.0426 kHz, 212.77 mV
 9.0623 kHz, 212.27 mV
 9.0622 kHz, 212.27 mV
 9.0817 kHz, 212.10 mV
 9.0817 kHz, 212.10 mV
 9.0943 kHz, 211.59 mV
 9.1013 kHz, 211.59 mV
 9.1035 kHz, 211.26 mV
 9.1208 kHz, 211.26 mV
 9.1208 kHz, 211.26 mV
 9.1403 kHz, 210.75 mV
 9.1403 kHz, 210.59 mV
 9.1582 kHz, 210.25 mV
 9.1598 kHz, 210.08 mV
 9.1656 kHz, 210.08 mV
 9.1793 kHz, 209.75 mV
 9.1795 kHz, 209.75 mV
 9.1989 kHz, 209.24 mV
 9.1989 kHz, 209.58 mV
 9.2185 kHz, 208.74 mV
 9.2185 kHz, 208.91 mV
 9.2285 kHz, 208.57 mV
 9.2380 kHz, 208.40 mV
 9.2391 kHz, 208.57 mV
 9.2575 kHz, 208.07 mV
 9.2575 kHz, 207.73 mV
 9.2771 kHz, 207.56 mV
 9.2770 kHz, 207.56 mV
 9.2903 kHz, 207.40 mV
 9.2966 kHz, 207.23 mV
 9.3001 kHz, 207.23 mV
 9.3161 kHz, 206.72 mV
 9.3161 kHz, 206.89 mV
 9.3357 kHz, 206.56 mV
 9.3356 kHz, 206.56 mV
 9.3532 kHz, 206.39 mV
 9.3553 kHz, 206.05 mV
 9.3633 kHz, 205.55 mV
 9.3748 kHz, 205.72 mV
 9.3747 kHz, 205.72 mV
 9.3942 kHz, 205.21 mV
 9.3943 kHz, 205.21 mV
 9.4138 kHz, 204.71 mV
 9.4137 kHz, 204.71 mV
 9.4299 kHz, 204.71 mV
 9.4333 kHz, 204.37 mV
 9.4393 kHz, 204.21 mV
 9.4528 kHz, 204.04 mV
 9.4528 kHz, 204.04 mV
 9.4724 kHz, 203.53 mV
 9.4723 kHz, 203.53 mV
 9.4865 kHz, 203.20 mV
 9.4919 kHz, 203.20 mV
 9.4959 kHz, 203.20 mV
 9.5114 kHz, 202.86 mV
 9.5114 kHz, 202.69 mV
 9.5310 kHz, 202.53 mV
 9.5309 kHz, 202.19 mV
 9.5505 kHz, 202.02 mV
 9.5505 kHz, 201.85 mV
 9.5602 kHz, 201.52 mV
 9.5700 kHz, 201.69 mV
 9.5701 kHz, 201.52 mV
 9.5896 kHz, 201.18 mV
 9.5896 kHz, 201.18 mV
 9.6091 kHz, 200.85 mV
 9.6091 kHz, 200.85 mV
 9.6197 kHz, 200.34 mV
 9.6286 kHz, 200.51 mV
 9.6300 kHz, 200.34 mV
 9.6481 kHz, 200.01 mV
 9.6482 kHz, 200.01 mV
 9.6677 kHz, 199.67 mV
 9.6677 kHz, 199.67 mV
 9.6831 kHz, 199.34 mV
 9.6872 kHz, 199.34 mV
 9.6939 kHz, 199.17 mV
 9.7067 kHz, 199.00 mV
 9.7067 kHz, 199.00 mV
 9.7262 kHz, 198.50 mV
 9.7263 kHz, 198.66 mV
 9.7457 kHz, 197.82 mV
 9.7458 kHz, 198.16 mV
 9.7646 kHz, 197.82 mV
 9.7653 kHz, 197.82 mV
 9.7767 kHz, 197.66 mV
 9.7848 kHz, 197.32 mV
 9.7862 kHz, 197.15 mV
 9.8044 kHz, 196.98 mV
 9.8044 kHz, 196.98 mV
 9.8240 kHz, 196.48 mV
 9.8239 kHz, 196.48 mV
 9.8395 kHz, 196.14 mV
 9.8435 kHz, 196.31 mV
 9.8493 kHz, 195.98 mV
 9.8630 kHz, 195.81 mV
 9.8630 kHz, 195.81 mV
 9.8826 kHz, 195.47 mV
 9.8825 kHz, 195.47 mV
 9.9000 kHz, 195.14 mV
 9.9020 kHz, 195.14 mV
 9.9096 kHz, 194.97 mV
 9.9216 kHz, 194.63 mV
 9.9216 kHz, 194.80 mV
 9.9411 kHz, 194.30 mV
 9.9411 kHz, 194.47 mV
 9.9606 kHz, 193.96 mV
 9.9606 kHz, 193.96 mV
 9.9723 kHz, 193.79 mV
 9.9802 kHz, 193.63 mV
, 310.51 mV
, 0.80070 V
, 0.80658 V
, 0.96259 V
, 0.96124 V
, 1.0210 V
, 1.0264 V
, 1.0259 V
, 1.0259 V
, 1.0249 V
, 1.0247 V
 154.29 Hz, 1.0242 V
 156.26 Hz, 1.0242 V
 156.25 Hz, 1.0242 V
 175.77 Hz, 1.0234 V
 175.74 Hz, 1.0227 V
 195.31 Hz, 1.0222 V
 195.30 Hz, 1.0222 V
 214.84 Hz, 1.0210 V
 214.85 Hz, 1.0212 V
 228.39 Hz, 1.0200 V
 234.37 Hz, 1.0200 V
 236.84 Hz, 1.0195 V
 253.91 Hz, 1.0182 V
 253.91 Hz, 1.0185 V
 273.42 Hz, 1.0170 V
 273.44 Hz, 1.0170 V
 289.60 Hz, 1.0157 V
 292.96 Hz, 1.0157 V
 295.10 Hz, 1.0148 V
 312.48 Hz, 1.0136 V
 312.50 Hz, 1.0143 V
 332.05 Hz, 1.0123 V
 332.03 Hz, 1.0126 V
 351.56 Hz, 1.0104 V
 351.57 Hz, 1.0106 V
 363.22 Hz, 1.0086 V
 371.10 Hz, 1.0088 V
 371.09 Hz, 1.0088 V
 390.62 Hz, 1.0068 V
 390.64 Hz, 1.0069 V
 410.18 Hz, 1.0047 V
 410.15 Hz, 1.0047 V
 416.87 Hz, 1.0022 V
 429.69 Hz, 1.0026 V
 429.69 Hz, 1.0024 V
 449.22 Hz, 1.0004 V
 449.21 Hz, 1.0004 V
 467.42 Hz, 0.99785 V
 468.76 Hz, 0.99819 V
 470.77 Hz, 0.99836 V
 488.29 Hz, 0.99584 V
 488.28 Hz, 0.99567 V
 507.81 Hz, 0.99298 V
 507.83 Hz, 0.99315 V
 515.11 Hz, 0.99315 V
 527.35 Hz, 0.99046 V
 527.34 Hz, 0.99030 V
 546.88 Hz, 0.98778 V
 546.88 Hz, 0.98795 V
 558.71 Hz, 0.98559 V
 566.41 Hz, 0.98526 V
 566.42 Hz, 0.98526 V
 585.96 Hz, 0.98240 V
 585.95 Hz, 0.98257 V
 605.47 Hz, 0.97972 V
 605.49 Hz, 0.97955 V
 614.78 Hz, 0.97686 V
 624.98 Hz, 0.97686 V
 624.99 Hz, 0.97686 V
 644.54 Hz, 0.97367 V
 644.53 Hz, 0.97350 V
 664.06 Hz, 0.97048 V
 664.08 Hz, 0.97048 V
 676.63 Hz, 0.96779 V
 683.60 Hz, 0.96746 V
 683.60 Hz, 0.96746 V
 703.14 Hz, 0.96427 V
 703.12 Hz, 0.96443 V
 722.66 Hz, 0.96141 V
 722.65 Hz, 0.96108 V
 742.17 Hz, 0.95789 V
 742.18 Hz, 0.95772 V
 756.13 Hz, 0.95453 V
 761.71 Hz, 0.95453 V
 765.23 Hz, 0.95453 V
 781.24 Hz, 0.95100 V
 781.26 Hz, 0.95100 V
 800.78 Hz, 0.94781 V
 800.79 Hz, 0.94764 V
 810.43 Hz, 0.94428 V
 820.32 Hz, 0.94428 V
 829.87 Hz, 0.94092 V
 839.84 Hz, 0.94042 V
 839.85 Hz, 0.94059 V
 859.37 Hz, 0.93706 V
 859.37 Hz, 0.93706 V
 875.42 Hz, 0.93337 V
 878.90 Hz, 0.93354 V
 881.94 Hz, 0.93337 V
 898.42 Hz, 0.92951 V
 898.42 Hz, 0.92984 V
 917.96 Hz, 0.92648 V
 917.97 Hz, 0.92631 V
 929.45 Hz, 0.92228 V
 937.49 Hz, 0.92228 V
 937.50 Hz, 0.92245 V
 957.03 Hz, 0.91842 V
 957.02 Hz, 0.91893 V
 975.11 Hz, 0.91489 V
 976.56 Hz, 0.91506 V
 979.13 Hz, 0.91523 V
 996.09 Hz, 0.91103 V
 996.10 Hz, 0.91137 V
 1.0156 kHz, 0.90734 V
 1.0156 kHz, 0.90717 V
 1.0234 kHz, 0.90532 V
 1.0351 kHz, 0.90348 V
 1.0352 kHz, 0.90348 V
 1.0547 kHz, 0.89978 V
 1.0547 kHz, 0.89961 V
 1.0733 kHz, 0.89575 V
 1.0742 kHz, 0.89558 V
 1.0791 kHz, 0.89558 V
 1.0938 kHz, 0.89189 V
 1.0937 kHz, 0.89172 V
 1.1133 kHz, 0.88769 V
 1.1133 kHz, 0.88786 V
 1.1217 kHz, 0.88383 V
 1.1328 kHz, 0.88400 V
 1.1328 kHz, 0.88349 V
 1.1523 kHz, 0.87997 V
 1.1523 kHz, 0.87997 V
 1.1685 kHz, 0.87610 V
 1.1719 kHz, 0.87593 V
 1.1742 kHz, 0.87610 V
 1.1914 kHz, 0.87190 V
 1.1914 kHz, 0.87174 V
 1.2109 kHz, 0.86771 V
 1.2109 kHz, 0.86821 V
 1.2223 kHz, 0.86384 V
 1.2305 kHz, 0.86384 V
 1.2305 kHz, 0.86384 V
 1.2500 kHz, 0.85965 V
 1.2500 kHz, 0.85981 V
 1.2695 kHz, 0.85595 V
 1.2695 kHz, 0.85561 V
 1.2834 kHz, 0.85158 V
 1.2891 kHz, 0.85175 V
 1.2910 kHz, 0.85175 V
 1.3086 kHz, 0.84772 V
 1.3086 kHz, 0.84789 V
 1.3281 kHz, 0.84369 V
 1.3281 kHz, 0.84369 V
 1.3366 kHz, 0.84184 V
 1.3477 kHz, 0.83983 V
 1.3477 kHz, 0.83949 V
 1.3672 kHz, 0.83563 V
 1.3672 kHz, 0.83563 V
 1.3863 kHz, 0.83177 V
 1.3867 kHz, 0.83160 V
 1.3950 kHz, 0.82975 V
 1.4062 kHz, 0.82757 V
 1.4063 kHz, 0.82740 V
 1.4258 kHz, 0.82320 V
 1.4258 kHz, 0.82354 V
 1.4424 kHz, 0.81968 V
 1.4453 kHz, 0.81951 V
 1.4515 kHz, 0.81951 V
 1.4649 kHz, 0.81565 V
 1.4648 kHz, 0.81548 V
 1.4844 kHz, 0.81162 V
 1.4844 kHz, 0.81128 V
 1.5015 kHz, 0.80742 V
 1.5039 kHz, 0.80759 V
 1.5116 kHz, 0.80759 V
 1.5234 kHz, 0.80356 V
 1.5234 kHz, 0.80322 V
 1.5430 kHz, 0.79953 V
 1.5430 kHz, 0.79953 V
 1.5590 kHz, 0.79566 V
 1.5625 kHz, 0.79533 V
 1.5655 kHz, 0.79550 V
 1.5820 kHz, 0.79146 V
 1.5820 kHz, 0.79163 V
 1.6016 kHz, 0.78743 V
 1.6015 kHz, 0.78760 V
 1.6158 kHz, 0.78374 V
 1.6211 kHz, 0.78357 V
 1.6279 kHz, 0.78374 V
 1.6406 kHz, 0.77971 V
 1.6406 kHz, 0.77971 V
 1.6602 kHz, 0.77601 V
 1.6602 kHz, 0.77568 V
 1.6781 kHz, 0.77165 V
 1.6797 kHz, 0.77165 V
 1.6871 kHz, 0.76963 V
 1.6992 kHz, 0.76795 V
 1.6992 kHz, 0.76779 V
 1.7187 kHz, 0.76392 V
 1.7188 kHz, 0.76409 V
 1.7327 kHz, 0.75989 V
 1.7383 kHz, 0.76006 V
 1.7386 kHz, 0.76023 V
 1.7578 kHz, 0.75637 V
 1.7578 kHz, 0.75637 V
 1.7773 kHz, 0.75217 V
 1.7773 kHz, 0.75234 V
 1.7959 kHz, 0.74864 V
 1.7969 kHz, 0.74864 V
 1.8003 kHz, 0.74864 V
 1.8164 kHz, 0.74461 V
 1.8164 kHz, 0.74495 V
 1.8359 kHz, 0.74109 V
 1.8359 kHz, 0.74092 V
 1.8482 kHz, 0.73722 V
 1.8555 kHz, 0.73722 V
 1.8555 kHz, 0.73722 V
 1.8750 kHz, 0.73353 V
 1.8750 kHz, 0.73336 V
 1.8945 kHz, 0.72967 V
 1.8945 kHz, 0.72967 V
 1.9101 kHz, 0.72597 V
 1.9141 kHz, 0.72597 V
 1.9196 kHz, 0.72580 V
 1.9336 kHz, 0.72228 V
 1.9336 kHz, 0.72228 V
 1.9531 kHz, 0.71858 V
 1.9531 kHz, 0.71858 V
 1.9727 kHz, 0.71522 V
 1.9727 kHz, 0.71506 V
 1.9794 kHz, 0.71489 V
 1.9922 kHz, 0.71119 V
 1.9922 kHz, 0.71119 V
 2.0117 kHz, 0.70767 V
 2.0117 kHz, 0.70767 V
 2.0232 kHz, 0.70414 V
 2.0312 kHz, 0.70414 V
 2.0312 kHz, 0.70448 V
 2.0508 kHz, 0.70078 V
 2.0508 kHz, 0.70011 V
 2.0703 kHz, 0.69709 V
 2.0703 kHz, 0.69675 V
 2.0824 kHz, 0.69339 V
 2.0898 kHz, 0.69339 V
 2.0916 kHz, 0.69339 V
 2.1094 kHz, 0.68970 V
 2.1094 kHz, 0.68987 V
 2.1289 kHz, 0.68634 V
 2.1289 kHz, 0.68617 V
 2.1394 kHz, 0.68298 V
 2.1484 kHz, 0.68281 V
 2.1484 kHz, 0.68298 V
 2.1680 kHz, 0.67929 V
 2.1680 kHz, 0.67945 V
 2.1844 kHz, 0.67610 V
 2.1875 kHz, 0.67593 V
 2.1933 kHz, 0.67559 V
 2.2070 kHz, 0.67240 V
 2.2070 kHz, 0.67257 V
 2.2266 kHz, 0.66904 V
 2.2266 kHz, 0.66921 V
 2.2461 kHz, 0.66568 V
 2.2461 kHz, 0.66568 V
 2.2548 kHz, 0.66232 V
 2.2656 kHz, 0.66232 V
 2.2656 kHz, 0.66266 V
 2.2852 kHz, 0.65913 V
 2.2852 kHz, 0.65947 V
 2.3004 kHz, 0.65561 V
 2.3047 kHz, 0.65611 V
 2.3092 kHz, 0.65594 V
 2.3242 kHz, 0.65258 V
 2.3242 kHz, 0.65258 V
 2.3438 kHz, 0.64939 V
 2.3438 kHz, 0.64923 V
 2.3597 kHz, 0.64587 V
 2.3633 kHz, 0.64620 V
 2.3697 kHz, 0.64452 V
 2.3828 kHz, 0.64318 V
 2.3828 kHz, 0.64318 V
 2.4023 kHz, 0.63965 V
 2.4023 kHz, 0.63982 V
 2.4188 kHz, 0.63663 V
 2.4219 kHz, 0.63646 V
 2.4256 kHz, 0.63646 V
 2.4414 kHz, 0.63327 V
 2.4414 kHz, 0.63361 V
 2.4610 kHz, 0.63025 V
 2.4609 kHz, 0.63025 V
 2.4805 kHz, 0.62689 V
 2.4805 kHz, 0.62723 V
 2.4904 kHz, 0.62404 V
 2.5000 kHz, 0.62387 V
 2.5037 kHz, 0.62387 V
 2.5195 kHz, 0.62101 V
 2.5195 kHz, 0.62085 V
 2.5391 kHz, 0.61782 V
 2.5391 kHz, 0.61782 V
 2.5508 kHz, 0.61480 V
 2.5586 kHz, 0.61514 V
 2.5595 kHz, 0.61480 V
 2.5781 kHz, 0.61161 V
 2.5781 kHz, 0.61211 V
 2.5968 kHz, 0.60892 V
 2.5977 kHz, 0.60926 V
 2.6027 kHz, 0.60926 V
 2.6172 kHz, 0.60590 V
 2.6172 kHz, 0.60607 V
 2.6367 kHz, 0.60304 V
 2.6367 kHz, 0.60321 V
 2.6489 kHz, 0.60019 V
 2.6562 kHz, 0.60002 V
 2.6589 kHz, 0.60019 V
 2.6758 kHz, 0.59717 V
 2.6758 kHz, 0.59717 V
 2.6953 kHz, 0.59448 V
 2.6953 kHz, 0.59448 V
 2.7102 kHz, 0.59146 V
 2.7148 kHz, 0.59163 V
 2.7169 kHz, 0.59146 V
 2.7344 kHz, 0.58877 V
 2.7344 kHz, 0.58860 V
 2.7539 kHz, 0.58592 V
 2.7539 kHz, 0.58575 V
 2.7632 kHz, 0.58306 V
 2.7734 kHz, 0.58306 V
 2.7734 kHz, 0.58306 V
 2.7930 kHz, 0.58021 V
 2.7930 kHz, 0.58021 V
 2.8092 kHz, 0.57752 V
 2.8125 kHz, 0.57769 V
 2.8166 kHz, 0.57735 V
 2.8320 kHz, 0.57466 V
 2.8320 kHz, 0.57466 V
 2.8516 kHz, 0.57215 V
 2.8515 kHz, 0.57198 V
 2.8711 kHz, 0.56946 V
 2.8711 kHz, 0.56946 V
 2.8770 kHz, 0.56811 V
 2.8906 kHz, 0.56677 V
 2.8906 kHz, 0.56677 V
 2.9102 kHz, 0.56408 V
 2.9102 kHz, 0.56442 V
 2.9232 kHz, 0.56140 V
 2.9297 kHz, 0.56140 V
 2.9331 kHz, 0.56140 V
 2.9492 kHz, 0.55854 V
 2.9492 kHz, 0.55871 V
 2.9687 kHz, 0.55636 V
 2.9688 kHz, 0.55602 V
 2.9835 kHz, 0.55350 V
 2.9883 kHz, 0.55350 V
 2.9925 kHz, 0.55367 V
 3.0078 kHz, 0.55099 V
 3.0078 kHz, 0.55132 V
 3.0273 kHz, 0.54863 V
 3.0274 kHz, 0.54863 V
 3.0426 kHz, 0.54612 V
 3.0469 kHz, 0.54595 V
 3.0498 kHz, 0.54578 V
 3.0664 kHz, 0.54360 V
 3.0664 kHz, 0.54360 V
 3.0859 kHz, 0.54091 V
 3.0859 kHz, 0.54091 V
 3.0988 kHz, 0.53856 V
 3.1055 kHz, 0.53873 V
 3.1055 kHz, 0.53839 V
 3.1250 kHz, 0.53621 V
 3.1250 kHz, 0.53621 V
 3.1442 kHz, 0.53369 V
 3.1445 kHz, 0.53369 V
 3.1549 kHz, 0.53134 V
 3.1641 kHz, 0.53134 V
 3.1641 kHz, 0.53151 V
 3.1836 kHz, 0.52915 V
 3.1836 kHz, 0.52882 V
 3.2031 kHz, 0.52647 V
 3.2031 kHz, 0.52647 V
 3.2148 kHz, 0.52412 V
 3.2226 kHz, 0.52412 V
 3.2231 kHz, 0.52445 V
 3.2422 kHz, 0.52193 V
 3.2422 kHz, 0.52210 V
 3.2617 kHz, 0.51941 V
 3.2617 kHz, 0.51941 V
 3.2740 kHz, 0.51723 V
 3.2813 kHz, 0.51740 V
 3.2813 kHz, 0.51723 V
 3.3008 kHz, 0.51505 V
 3.3008 kHz, 0.51488 V
 3.3204 kHz, 0.51253 V
 3.3203 kHz, 0.51253 V
 3.3283 kHz, 0.51152 V
 3.3398 kHz, 0.51018 V
 3.3398 kHz, 0.51035 V
 3.3594 kHz, 0.50816 V
 3.3594 kHz, 0.50816 V
 3.3789 kHz, 0.50598 V
 3.3789 kHz, 0.50581 V
 3.3877 kHz, 0.50380 V
 3.3984 kHz, 0.50363 V
 3.3985 kHz, 0.50380 V
 3.4180 kHz, 0.50128 V
 3.4180 kHz, 0.50178 V
 3.4375 kHz, 499.43 mV
 3.4375 kHz, 499.43 mV
 3.4466 kHz, 497.25 mV
 3.4570 kHz, 497.08 mV
 3.4570 kHz, 497.25 mV
 3.4765 kHz, 495.23 mV
 3.4765 kHz, 494.90 mV
 3.4944 kHz, 493.05 mV
 3.4961 kHz, 492.71 mV
 3.5027 kHz, 491.03 mV
 3.5156 kHz, 490.70 mV
 3.5156 kHz, 490.87 mV
 3.5352 kHz, 488.85 mV
 3.5351 kHz, 488.85 mV
 3.5531 kHz, 486.67 mV
 3.5547 kHz, 486.67 mV
 3.5621 kHz, 484.48 mV
 3.5742 kHz, 484.32 mV
 3.5742 kHz, 484.48 mV
 3.5937 kHz, 482.64 mV
 3.5938 kHz, 482.47 mV
 3.6110 kHz, 480.62 mV
 3.6133 kHz, 480.62 mV
 3.6202 kHz, 479.61 mV
 3.6328 kHz, 478.44 mV
 3.6328 kHz, 478.44 mV
 3.6523 kHz, 476.26 mV
 3.6523 kHz, 476.42 mV
 3.6718 kHz, 474.58 mV
 3.6897 kHz, 472.56 mV
 3.6914 kHz, 472.39 mV
 3.7110 kHz, 470.71 mV
 3.7109 kHz, 470.38 mV
 3.7222 kHz, 468.70 mV
 3.7305 kHz, 468.70 mV
 3.7321 kHz, 468.53 mV
 3.7500 kHz, 466.68 mV
 3.7500 kHz, 466.52 mV
 3.7695 kHz, 465.00 mV
 3.7695 kHz, 464.67 mV
 3.7884 kHz, 462.82 mV
 3.7891 kHz, 462.99 mV
 3.7995 kHz, 460.97 mV
 3.8086 kHz, 461.14 mV
 3.8108 kHz, 460.81 mV
 3.8281 kHz, 458.96 mV
 3.8281 kHz, 458.96 mV
 3.8477 kHz, 457.28 mV
 3.8477 kHz, 457.28 mV
 3.8658 kHz, 455.43 mV
 3.8672 kHz, 455.26 mV
 3.8755 kHz, 453.75 mV
 3.8867 kHz, 453.59 mV
 3.8867 kHz, 453.59 mV
 3.9063 kHz, 451.91 mV
 3.9063 kHz, 451.91 mV
 3.9221 kHz, 450.06 mV
 3.9258 kHz, 449.89 mV
 3.9319 kHz, 449.22 mV
 3.9453 kHz, 448.55 mV
 3.9453 kHz, 448.21 mV
 3.9648 kHz, 446.36 mV
 3.9649 kHz, 446.36 mV
 3.9795 kHz, 444.68 mV
 3.9844 kHz, 444.68 mV
 3.9881 kHz, 444.68 mV
 4.0039 kHz, 443.01 mV
 4.0039 kHz, 442.84 mV
 4.0234 kHz, 440.82 mV
 4.0234 kHz, 441.16 mV
 4.0366 kHz, 439.31 mV
 4.0430 kHz, 439.48 mV
 4.0440 kHz, 439.31 mV
 4.0625 kHz, 437.46 mV
 4.0625 kHz, 437.80 mV
 4.0820 kHz, 435.78 mV
 4.0820 kHz, 436.12 mV
 4.0913 kHz, 434.27 mV
 4.1015 kHz, 434.27 mV
 4.1027 kHz, 434.27 mV
 4.1211 kHz, 432.43 mV
 4.1211 kHz, 432.59 mV
 4.1406 kHz, 430.75 mV
 4.1406 kHz, 430.91 mV
 4.1601 kHz, 429.07 mV
 4.1601 kHz, 429.07 mV
 4.1712 kHz, 427.56 mV
 4.1797 kHz, 427.39 mV
 4.1811 kHz, 427.56 mV
 4.1992 kHz, 425.71 mV
 4.1992 kHz, 426.04 mV
 4.2187 kHz, 424.20 mV
 4.2188 kHz, 424.03 mV
 4.2383 kHz, 422.69 mV
 4.2383 kHz, 422.69 mV
 4.2578 kHz, 420.67 mV
 4.2578 kHz, 421.01 mV
 4.2715 kHz, 419.49 mV
 4.2773 kHz, 419.16 mV
 4.2782 kHz, 419.33 mV
 4.2969 kHz, 417.98 mV
 4.2969 kHz, 417.65 mV
 4.3164 kHz, 415.97 mV
 4.3164 kHz, 415.97 mV
 4.3280 kHz, 414.62 mV
 4.3359 kHz, 414.62 mV
 4.3359 kHz, 414.79 mV
 4.3554 kHz, 413.11 mV
 4.3555 kHz, 412.95 mV
 4.3736 kHz, 411.60 mV
 4.3750 kHz, 411.60 mV
 4.3833 kHz, 409.75 mV
 4.3945 kHz, 409.92 mV
 4.3945 kHz, 409.59 mV
 4.4141 kHz, 408.41 mV
 4.4141 kHz, 408.58 mV
 4.4323 kHz, 406.90 mV
 4.4336 kHz, 407.07 mV
 4.4427 kHz, 405.39 mV
 4.4531 kHz, 405.39 mV
 4.4531 kHz, 405.22 mV
 4.4727 kHz, 404.05 mV
 4.4727 kHz, 403.88 mV
 4.4908 kHz, 402.37 mV
 4.4922 kHz, 402.70 mV
 4.4995 kHz, 401.86 mV
 4.5117 kHz, 401.19 mV
 4.5117 kHz, 401.02 mV
 4.5313 kHz, 399.68 mV
 4.5313 kHz, 399.34 mV
 4.5508 kHz, 398.17 mV
 4.5508 kHz, 398.17 mV
 4.5600 kHz, 396.82 mV
 4.5704 kHz, 396.82 mV
 4.5703 kHz, 396.66 mV
 4.5898 kHz, 394.98 mV
 4.5899 kHz, 395.48 mV
 4.6075 kHz, 393.97 mV
 4.6094 kHz, 393.97 mV
 4.6133 kHz, 393.80 mV
 4.6289 kHz, 392.29 mV
 4.6289 kHz, 392.46 mV
 4.6484 kHz, 391.11 mV
 4.6484 kHz, 390.95 mV
 4.6590 kHz, 389.77 mV
 4.6680 kHz, 389.60 mV
 4.6712 kHz, 389.43 mV
 4.6875 kHz, 388.09 mV
 4.6875 kHz, 388.09 mV
 4.7071 kHz, 386.92 mV
 4.7070 kHz, 386.58 mV
 4.7247 kHz, 385.24 mV
 4.7266 kHz, 385.57 mV
 4.7321 kHz, 384.23 mV
 4.7461 kHz, 384.06 mV
 4.7461 kHz, 384.23 mV
 4.7656 kHz, 382.89 mV
 4.7656 kHz, 382.55 mV
 4.7844 kHz, 381.54 mV
 4.7852 kHz, 381.04 mV
 4.7931 kHz, 380.70 mV
 4.8047 kHz, 380.03 mV
 4.8047 kHz, 380.20 mV
 4.8242 kHz, 378.86 mV
 4.8242 kHz, 378.52 mV
 4.8437 kHz, 377.18 mV
 4.8437 kHz, 377.51 mV
 4.8621 kHz, 375.83 mV
 4.8633 kHz, 376.00 mV
 4.8710 kHz, 374.82 mV
 4.8828 kHz, 374.82 mV
 4.8828 kHz, 374.66 mV
 4.9023 kHz, 373.48 mV
 4.9023 kHz, 373.48 mV
 4.9210 kHz, 372.14 mV
 4.9219 kHz, 372.14 mV
 4.9286 kHz, 371.47 mV
 4.9414 kHz, 370.96 mV
 4.9414 kHz, 370.96 mV
 4.9609 kHz, 369.45 mV
 4.9610 kHz, 369.62 mV
 4.9802 kHz, 368.11 mV
 4.9805 kHz, 368.28 mV
 4.9876 kHz, 367.94 mV
 5.0000 kHz, 367.10 mV
 5.0000 kHz, 367.27 mV
 5.0097 kHz, 365.59 mV
 5.0192 kHz, 365.92 mV
 5.0192 kHz, 365.76 mV
 5.0388 kHz, 364.75 mV
 5.0388 kHz, 364.75 mV
 5.0583 kHz, 363.24 mV
 5.0583 kHz, 363.41 mV
 5.0701 kHz, 362.23 mV
 5.0778 kHz, 362.40 mV
 5.0779 kHz, 361.73 mV
 5.0973 kHz, 360.89 mV
 5.0974 kHz, 361.22 mV
 5.1169 kHz, 359.88 mV
 5.1169 kHz, 359.71 mV
 5.1298 kHz, 358.54 mV
 5.1364 kHz, 358.70 mV
 5.1383 kHz, 358.70 mV
 5.1559 kHz, 357.19 mV
 5.1559 kHz, 357.36 mV
 5.1755 kHz, 356.18 mV
 5.1755 kHz, 356.35 mV
 5.1899 kHz, 355.18 mV
 5.1950 kHz, 355.18 mV
 5.1995 kHz, 354.84 mV
 5.2145 kHz, 353.67 mV
 5.2145 kHz, 353.67 mV
 5.2341 kHz, 352.83 mV
 5.2341 kHz, 352.32 mV
 5.2535 kHz, 351.48 mV
 5.2536 kHz, 351.31 mV
 5.2632 kHz, 350.64 mV
 5.2732 kHz, 350.47 mV
 5.2731 kHz, 350.14 mV
 5.2927 kHz, 349.47 mV
 5.2927 kHz, 348.96 mV
 5.3122 kHz, 347.96 mV
 5.3122 kHz, 348.46 mV
 5.3239 kHz, 347.12 mV
 5.3317 kHz, 346.95 mV
 5.3327 kHz, 346.95 mV
 5.3513 kHz, 345.77 mV
 5.3513 kHz, 345.94 mV
 5.3708 kHz, 344.93 mV
 5.3708 kHz, 344.43 mV
 5.3877 kHz, 343.59 mV
 5.3903 kHz, 343.42 mV
 5.4029 kHz, 342.58 mV
 5.4098 kHz, 342.75 mV
 5.4168 kHz, 341.91 mV
 5.4294 kHz, 341.57 mV
 5.4294 kHz, 341.41 mV
 5.4489 kHz, 340.40 mV
 5.4489 kHz, 340.23 mV
 5.4684 kHz, 339.22 mV
 5.4685 kHz, 339.22 mV
 5.4826 kHz, 338.38 mV
 5.4879 kHz, 338.22 mV
 5.4890 kHz, 338.38 mV
 5.5075 kHz, 337.38 mV
 5.5075 kHz, 336.87 mV
 5.5270 kHz, 335.86 mV
 5.5270 kHz, 336.20 mV
 5.5443 kHz, 335.02 mV
 5.5466 kHz, 335.02 mV
 5.5580 kHz, 334.02 mV
 5.5661 kHz, 334.02 mV
 5.5699 kHz, 333.51 mV
 5.5856 kHz, 333.01 mV
 5.5944 kHz, 332.00 mV
 5.6052 kHz, 331.83 mV
 5.6058 kHz, 331.67 mV
 5.6247 kHz, 330.99 mV
 5.6247 kHz, 330.66 mV
 5.6443 kHz, 329.82 mV
 5.6442 kHz, 329.82 mV
 5.6596 kHz, 328.64 mV
 5.6638 kHz, 328.64 mV
 5.6693 kHz, 328.64 mV
 5.6833 kHz, 327.80 mV
 5.6833 kHz, 327.80 mV
 5.7028 kHz, 326.80 mV
 5.7028 kHz, 326.46 mV
 5.7223 kHz, 325.96 mV
 5.7223 kHz, 325.96 mV
 5.7362 kHz, 324.78 mV
 5.7418 kHz, 324.78 mV
 5.7468 kHz, 324.78 mV
 5.7614 kHz, 323.94 mV
 5.7615 kHz, 323.94 mV
 5.7809 kHz, 322.77 mV
 5.7809 kHz, 322.93 mV
 5.7980 kHz, 321.76 mV
 5.8005 kHz, 321.59 mV
 5.8077 kHz, 321.09 mV
 5.8200 kHz, 320.75 mV
 5.8200 kHz, 321.09 mV
 5.8395 kHz, 319.74 mV
 5.8395 kHz, 319.74 mV
 5.8591 kHz, 318.90 mV
 5.8591 kHz, 319.07 mV
 5.8786 kHz, 317.90 mV
 5.8787 kHz, 318.23 mV
 5.8947 kHz, 317.22 mV
 5.8981 kHz, 317.06 mV
 5.9097 kHz, 316.38 mV
 5.9176 kHz, 315.88 mV
 5.9208 kHz, 316.05 mV
 5.9372 kHz, 315.04 mV
 5.9372 kHz, 315.21 mV
 5.9568 kHz, 314.20 mV
 5.9567 kHz, 314.37 mV
 5.9763 kHz, 313.19 mV
 5.9763 kHz, 313.36 mV
 5.9905 kHz, 312.69 mV
 5.9958 kHz, 312.35 mV
 6.0020 kHz, 311.85 mV
 6.0153 kHz, 311.51 mV
 6.0153 kHz, 311.51 mV
 6.0348 kHz, 310.67 mV
 6.0349 kHz, 310.67 mV
 6.0543 kHz, 309.67 mV
 6.0544 kHz, 309.67 mV
 6.0650 kHz, 309.16 mV
 6.0739 kHz, 308.66 mV
 6.0744 kHz, 308.83 mV
 6.0935 kHz, 307.82 mV
 6.0934 kHz, 307.82 mV
 6.1130 kHz, 307.15 mV
 6.1130 kHz, 306.98 mV
 6.1311 kHz, 306.14 mV
 6.1325 kHz, 306.14 mV
 6.1410 kHz, 305.30 mV
 6.1521 kHz, 305.13 mV
 6.1520 kHz, 305.13 mV
 6.1716 kHz, 304.46 mV
 6.1716 kHz, 304.46 mV
 6.1911 kHz, 303.62 mV
 6.1911 kHz, 303.45 mV
 6.2076 kHz, 302.61 mV
 6.2106 kHz, 302.61 mV
 6.2189 kHz, 301.94 mV
 6.2302 kHz, 301.61 mV
 6.2310 kHz, 301.61 mV
 6.2497 kHz, 300.93 mV
 6.2497 kHz, 300.93 mV
 6.2692 kHz, 299.93 mV
 6.2692 kHz, 300.09 mV
 6.2888 kHz, 299.26 mV
 6.2887 kHz, 299.26 mV
 6.3080 kHz, 298.25 mV
 6.3083 kHz, 298.42 mV
 6.3195 kHz, 297.41 mV
 6.3279 kHz, 297.24 mV
 6.3278 kHz, 297.24 mV
 6.3473 kHz, 296.90 mV
 6.3474 kHz, 296.57 mV
 6.3669 kHz, 295.56 mV
 6.3669 kHz, 295.73 mV
 6.3860 kHz, 295.06 mV
 6.3864 kHz, 295.06 mV
 6.3942 kHz, 294.72 mV
 6.4059 kHz, 293.88 mV
 6.4060 kHz, 294.22 mV
 6.4254 kHz, 293.38 mV
 6.4255 kHz, 293.21 mV
 6.4450 kHz, 292.54 mV
 6.4450 kHz, 292.20 mV
 6.4621 kHz, 291.87 mV
 6.4645 kHz, 291.70 mV
 6.4718 kHz, 291.36 mV
 6.4841 kHz, 290.69 mV
 6.4841 kHz, 290.86 mV
 6.5036 kHz, 290.19 mV
 6.5036 kHz, 290.02 mV
 6.5231 kHz, 289.35 mV
 6.5231 kHz, 289.18 mV
 6.5343 kHz, 288.68 mV
 6.5427 kHz, 288.68 mV
 6.5489 kHz, 288.51 mV
 6.5622 kHz, 287.33 mV
 6.5622 kHz, 287.67 mV
 6.5817 kHz, 286.83 mV
 6.5817 kHz, 286.66 mV
 6.6013 kHz, 286.16 mV
 6.6013 kHz, 286.16 mV
 6.6135 kHz, 285.48 mV
 6.6207 kHz, 285.48 mV
 6.6232 kHz, 285.32 mV
 6.6404 kHz, 284.48 mV
 6.6403 kHz, 284.48 mV
 6.6598 kHz, 283.81 mV
 6.6599 kHz, 283.64 mV
 6.6771 kHz, 282.97 mV
 6.6794 kHz, 282.97 mV
 6.6844 kHz, 282.63 mV
 6.6989 kHz, 282.29 mV
 6.6989 kHz, 282.46 mV
 6.7184 kHz, 281.62 mV
 6.7184 kHz, 281.79 mV
 6.7337 kHz, 280.78 mV
 6.7380 kHz, 280.78 mV
 6.7441 kHz, 280.78 mV
 6.7574 kHz, 279.94 mV
 6.7574 kHz, 280.11 mV
 6.7770 kHz, 279.27 mV
 6.7770 kHz, 279.27 mV
 6.7966 kHz, 278.60 mV
 6.7966 kHz, 278.77 mV
 6.8111 kHz, 277.59 mV
 6.8161 kHz, 277.59 mV
 6.8204 kHz, 277.42 mV
 6.8357 kHz, 277.26 mV
 6.8356 kHz, 277.09 mV
 6.8552 kHz, 276.25 mV
 6.8552 kHz, 276.42 mV
 6.8747 kHz, 275.58 mV
 6.8747 kHz, 275.58 mV
 6.8873 kHz, 274.91 mV
 6.8942 kHz, 274.91 mV
 6.8987 kHz, 274.40 mV
 6.9137 kHz, 274.07 mV
 6.9138 kHz, 274.23 mV
 6.9333 kHz, 273.39 mV
 6.9333 kHz, 273.39 mV
 6.9528 kHz, 272.55 mV
 6.9528 kHz, 272.89 mV
 6.9724 kHz, 272.05 mV
 6.9724 kHz, 272.05 mV
 6.9831 kHz, 271.55 mV
 6.9919 kHz, 271.55 mV
 6.9941 kHz, 271.38 mV
 7.0114 kHz, 270.54 mV
 7.0114 kHz, 270.54 mV
 7.0310 kHz, 269.87 mV
 7.0309 kHz, 270.20 mV
 7.0505 kHz, 269.20 mV
 7.0505 kHz, 269.36 mV
 7.0647 kHz, 268.69 mV
 7.0700 kHz, 268.69 mV
 7.0743 kHz, 268.36 mV
 7.0895 kHz, 267.85 mV
 7.0895 kHz, 267.85 mV
 7.1091 kHz, 267.18 mV
 7.1091 kHz, 267.35 mV
 7.1286 kHz, 266.34 mV
 7.1286 kHz, 266.68 mV
 7.1399 kHz, 265.67 mV
 7.1481 kHz, 265.84 mV
 7.1494 kHz, 265.67 mV
 7.1676 kHz, 264.83 mV
 7.1677 kHz, 265.33 mV
 7.1871 kHz, 264.49 mV
 7.1872 kHz, 264.49 mV
 7.2067 kHz, 263.82 mV
 7.2068 kHz, 263.99 mV
 7.2263 kHz, 263.15 mV
 7.2263 kHz, 263.15 mV
 7.2458 kHz, 262.48 mV
 7.2459 kHz, 262.65 mV
 7.2652 kHz, 261.97 mV
 7.2653 kHz, 261.81 mV
 7.2767 kHz, 261.13 mV
 7.2849 kHz, 261.13 mV
 7.2877 kHz, 261.13 mV
 7.3044 kHz, 260.63 mV
 7.3044 kHz, 260.63 mV
 7.3239 kHz, 259.96 mV
 7.3239 kHz, 259.96 mV
 7.3434 kHz, 259.12 mV
 7.3434 kHz, 259.29 mV
 7.3606 kHz, 258.62 mV
 7.3630 kHz, 258.62 mV
 7.3713 kHz, 258.11 mV
 7.3825 kHz, 257.94 mV
 7.3841 kHz, 257.78 mV
 7.4021 kHz, 257.44 mV
 7.4020 kHz, 256.94 mV
 7.4216 kHz, 256.60 mV
 7.4216 kHz, 256.77 mV
 7.4382 kHz, 255.93 mV
 7.4411 kHz, 255.76 mV
 7.4515 kHz, 255.59 mV
 7.4606 kHz, 255.59 mV
 7.4622 kHz, 255.09 mV
 7.4802 kHz, 254.75 mV
 7.4802 kHz, 254.92 mV
 7.4997 kHz, 254.08 mV
 7.4997 kHz, 254.08 mV
 7.5172 kHz, 253.58 mV
 7.5192 kHz, 253.41 mV
 7.5283 kHz, 252.74 mV
 7.5388 kHz, 252.91 mV
 7.5387 kHz, 252.91 mV
 7.5583 kHz, 252.40 mV
 7.5583 kHz, 252.23 mV
 7.5778 kHz, 251.73 mV
 7.5778 kHz, 251.56 mV
 7.5896 kHz, 251.23 mV
 7.5974 kHz, 250.89 mV
 7.6001 kHz, 250.72 mV
 7.6169 kHz, 250.39 mV
 7.6169 kHz, 250.39 mV
 7.6364 kHz, 249.88 mV
 7.6364 kHz, 249.88 mV
 7.6560 kHz, 249.38 mV
 7.6559 kHz, 249.38 mV
 7.6755 kHz, 248.71 mV
 7.6755 kHz, 248.71 mV
 7.6908 kHz, 248.04 mV
 7.6950 kHz, 248.20 mV
 7.7022 kHz, 247.87 mV
 7.7146 kHz, 247.53 mV
 7.7146 kHz, 247.53 mV
 7.7340 kHz, 246.86 mV
 7.7347 kHz, 247.03 mV
 7.7536 kHz, 246.36 mV
 7.7536 kHz, 246.36 mV
 7.7731 kHz, 245.68 mV
 7.7731 kHz, 245.68 mV
 7.7927 kHz, 245.01 mV
 7.7926 kHz, 245.18 mV
 7.8038 kHz, 244.51 mV
 7.8122 kHz, 244.68 mV
 7.8152 kHz, 244.51 mV
 7.8317 kHz, 244.01 mV
 7.8317 kHz, 243.84 mV
 7.8513 kHz, 243.33 mV
 7.8513 kHz, 243.17 mV
 7.8708 kHz, 243.00 mV
 7.8708 kHz, 242.83 mV
 7.8829 kHz, 242.33 mV
 7.8903 kHz, 242.16 mV
 7.8941 kHz, 242.16 mV
 7.9098 kHz, 241.49 mV
 7.9099 kHz, 241.49 mV
 7.9294 kHz, 241.15 mV
 7.9294 kHz, 241.32 mV
 7.9489 kHz, 240.48 mV
 7.9489 kHz, 240.48 mV
 7.9667 kHz, 240.14 mV
 7.9684 kHz, 239.98 mV
 7.9766 kHz, 239.64 mV
 7.9880 kHz, 239.47 mV
 7.9880 kHz, 239.47 mV
 8.0075 kHz, 238.97 mV
 8.0076 kHz, 238.97 mV
 8.0271 kHz, 238.13 mV
 8.0270 kHz, 238.46 mV
 8.0414 kHz, 237.79 mV
 8.0465 kHz, 237.62 mV
 8.0497 kHz, 237.62 mV
 8.0661 kHz, 236.95 mV
 8.0661 kHz, 237.12 mV
 8.0856 kHz, 236.45 mV
 8.0856 kHz, 236.78 mV
 8.1052 kHz, 236.28 mV
 8.1052 kHz, 236.28 mV
